{
  "version": "1.1",
  "gridBounds": {
    "min": [
      -15.400000000000002,
      -15.400000000000002,
      -25.200000000000003
    ],
    "max": [
      25.2,
      36.2,
      10.399999999999999
    ]
  },
  "sceneBounds": {
    "min": [
      -29.229623909765124,
      -22.617151216969745,
      -27.502191705579847
    ],
    "max": [
      42.325384272923216,
      36.01384286430297,
      17.354023602397927
    ]
  },
  "voxelResolution": 0.05,
  "leafSize": 4,
  "treeDepth": 9,
  "numInteriorNodes": 111514,
  "numMixedLeaves": 242153,
  "nodeCount": 612734,
  "leafDataCount": 484306
}